{
  "AUC": 0.641217768227623,
  "MRR": 0.5630148130310215,
  "nDCG@5": 0.6716280288144447,
  "nDCG@10": 0.6716280288144447
}